SNP_1,SNP_2,Chi_square,p_value,Correlation
rs10005853_T,rs10015934_T,67.30045778259051,8.4255330312804e-14,0.6921890936738954
rs10005853_T,rs1004236_A,2.793488566725613,0.5929572251507862,0.04621251038477055
rs10005853_T,rs10059646_T,4.350705030487806,0.360618790480653,-0.058198266393512846
rs10005853_T,rs10085382_C,0.0,1.0,
rs10005853_T,rs10123921_0,0.0,1.0,
rs10005853_T,rs10127827_T,2.9367844698855152,0.23029544867506757,-0.1503990870736278
rs10005853_T,rs10155688_A,6.861695294054908,0.14338001315188822,0.04034313877429714
rs10005853_T,rs10162780_0,0.0,1.0,
rs10005853_T,rs1017484_G,3.8674123011702797,0.4242469224223232,-0.026886741373813042
rs10015934_T,rs1004236_A,3.4332045949693004,0.4881071374071392,0.031063161178559635
rs10015934_T,rs10059646_T,3.032828282828283,0.5523467757480778,0.021474249025169062
rs10015934_T,rs10085382_C,0.0,1.0,
rs10015934_T,rs10123921_0,0.0,1.0,
rs10015934_T,rs10127827_T,0.25252525252525254,0.8813833419720818,-0.03656641235799406
rs10015934_T,rs10155688_A,2.0662824829491497,0.723569096159038,0.10327874362268566
rs10015934_T,rs10162780_0,0.0,1.0,
rs10015934_T,rs1017484_G,4.31670068739991,0.36483849763727183,-0.02145658491101971
rs1004236_A,rs10059646_T,13.233660130718956,0.010188763494198828,0.23440142927993582
rs1004236_A,rs10085382_C,0.0,1.0,
rs1004236_A,rs10123921_0,0.0,1.0,
rs1004236_A,rs10127827_T,0.36014405762304924,0.8352100500573436,-0.056436593310790505
rs1004236_A,rs10155688_A,7.658790011731188,0.10490775868552302,0.05550814383707619
rs1004236_A,rs10162780_0,0.0,1.0,
rs1004236_A,rs1017484_G,5.3314441972469,0.25494772441171926,0.09349261372384948
rs10059646_T,rs10085382_C,0.0,1.0,
rs10059646_T,rs10123921_0,0.0,1.0,
rs10059646_T,rs10127827_T,1.1479591836734695,0.5632793505016533,-0.09950371902099922
rs10059646_T,rs10155688_A,2.9594017094017095,0.5646422552620192,-0.06100785276416139
rs10059646_T,rs10162780_0,0.0,1.0,
rs10059646_T,rs1017484_G,2.183168986026922,0.7021118314077966,-0.029985842117072937
rs10085382_C,rs10123921_0,0.0,1.0,
rs10085382_C,rs10127827_T,0.0,1.0,
rs10085382_C,rs10155688_A,0.0,1.0,
rs10085382_C,rs10162780_0,0.0,1.0,
rs10085382_C,rs1017484_G,0.0,1.0,
rs10123921_0,rs10127827_T,0.0,1.0,
rs10123921_0,rs10155688_A,0.0,1.0,
rs10123921_0,rs10162780_0,0.0,1.0,
rs10123921_0,rs1017484_G,0.0,1.0,
rs10127827_T,rs10155688_A,1.4477585906157335,0.48486765803670473,0.06569157130622977
rs10127827_T,rs10162780_0,0.0,1.0,
rs10127827_T,rs1017484_G,0.42243312419307344,0.8095987194991151,-0.06348134764985497
rs10155688_A,rs10162780_0,0.0,1.0,
rs10155688_A,rs1017484_G,2.026685595156524,0.7308504861031455,-0.07457209513686719
rs10162780_0,rs1017484_G,0.0,1.0,
